Metric,System Boundary,Source Category,Source Detail,CO2_fossil,CO2_biogenic,CH4_fossil,CH4_biogenic,N2O,NF3,SF6,MJ,Unit,Subregion,MJ/unit,Notes,Nprop,P fraction,P2O5 fraction,S fraction,NO3 fraction,NH4 fraction,Urea fraction,NH3 fraction,Ca fraction,K fraction,FR_sn
Energy Use,Upstream,Energy use associated with electricity generation and distribution,Irrigation Operations | Electricity (grid),0,NA,0,0,0,0,0,20168.08442,MWh,AKGD,NA,NA,NA,NA,NA,NA,NA,NA,NA,NA,NA,NA,NA
Energy Use,Upstream,Energy use associated with electricity generation and distribution,Irrigation Operations | Electricity (grid),0,NA,0,0,0,0,0,12721.68093,MWh,AKMS,NA,NA,NA,NA,NA,NA,NA,NA,NA,NA,NA,NA,NA
Energy Use,Upstream,Energy use associated with electricity generation and distribution,Irrigation Operations | Electricity (grid),0,NA,0,0,0,0,0,20231.40153,MWh,AZNM,NA,NA,NA,NA,NA,NA,NA,NA,NA,NA,NA,NA,NA
Energy Use,Upstream,Energy use associated with electricity generation and distribution,Irrigation Operations | Electricity (grid),0,NA,0,0,0,0,0,20202.42844,MWh,CAMX,NA,NA,NA,NA,NA,NA,NA,NA,NA,NA,NA,NA,NA
Energy Use,Upstream,Energy use associated with electricity generation and distribution,Irrigation Operations | Electricity (grid),0,NA,0,0,0,0,0,19722.4185,MWh,ERCT,NA,NA,NA,NA,NA,NA,NA,NA,NA,NA,NA,NA,NA
Energy Use,Upstream,Energy use associated with electricity generation and distribution,Irrigation Operations | Electricity (grid),0,NA,0,0,0,0,0,19927.70942,MWh,FRCC,NA,NA,NA,NA,NA,NA,NA,NA,NA,NA,NA,NA,NA
Energy Use,Upstream,Energy use associated with electricity generation and distribution,Irrigation Operations | Electricity (grid),0,NA,0,0,0,0,0,24639.07768,MWh,HIMS,NA,NA,NA,NA,NA,NA,NA,NA,NA,NA,NA,NA,NA
Energy Use,Upstream,Energy use associated with electricity generation and distribution,Irrigation Operations | Electricity (grid),0,NA,0,0,0,0,0,27181.92176,MWh,HIOA,NA,NA,NA,NA,NA,NA,NA,NA,NA,NA,NA,NA,NA
Energy Use,Upstream,Energy use associated with electricity generation and distribution,Irrigation Operations | Electricity (grid),0,NA,0,0,0,0,0,27606.16634,MWh,MROE,NA,NA,NA,NA,NA,NA,NA,NA,NA,NA,NA,NA,NA
Energy Use,Upstream,Energy use associated with electricity generation and distribution,Irrigation Operations | Electricity (grid),0,NA,0,0,0,0,0,22425.36437,MWh,MROW,NA,NA,NA,NA,NA,NA,NA,NA,NA,NA,NA,NA,NA
Energy Use,Upstream,Energy use associated with electricity generation and distribution,Irrigation Operations | Electricity (grid),0,NA,0,0,0,0,0,19822.80884,MWh,NEWE,NA,NA,NA,NA,NA,NA,NA,NA,NA,NA,NA,NA,NA
Energy Use,Upstream,Energy use associated with electricity generation and distribution,Irrigation Operations | Electricity (grid),0,NA,0,0,0,0,0,16968.0057,MWh,NWPP,NA,NA,NA,NA,NA,NA,NA,NA,NA,NA,NA,NA,NA
Energy Use,Upstream,Energy use associated with electricity generation and distribution,Irrigation Operations | Electricity (grid),0,NA,0,0,0,0,0,18446.82755,MWh,NYCW,NA,NA,NA,NA,NA,NA,NA,NA,NA,NA,NA,NA,NA
Energy Use,Upstream,Energy use associated with electricity generation and distribution,Irrigation Operations | Electricity (grid),0,NA,0,0,0,0,0,22025.46884,MWh,NYLI,NA,NA,NA,NA,NA,NA,NA,NA,NA,NA,NA,NA,NA
Energy Use,Upstream,Energy use associated with electricity generation and distribution,Irrigation Operations | Electricity (grid),0,NA,0,0,0,0,0,14785.52212,MWh,NYUP,NA,NA,NA,NA,NA,NA,NA,NA,NA,NA,NA,NA,NA
Energy Use,Upstream,Energy use associated with electricity generation and distribution,Irrigation Operations | Electricity (grid),0,NA,0,0,0,0,0,23470.56205,MWh,PRMS,NA,NA,NA,NA,NA,NA,NA,NA,NA,NA,NA,NA,NA
Energy Use,Upstream,Energy use associated with electricity generation and distribution,Irrigation Operations | Electricity (grid),0,NA,0,0,0,0,0,18972.59083,MWh,RFCE,NA,NA,NA,NA,NA,NA,NA,NA,NA,NA,NA,NA,NA
Energy Use,Upstream,Energy use associated with electricity generation and distribution,Irrigation Operations | Electricity (grid),0,NA,0,0,0,0,0,24951.43227,MWh,RFCM,NA,NA,NA,NA,NA,NA,NA,NA,NA,NA,NA,NA,NA
Energy Use,Upstream,Energy use associated with electricity generation and distribution,Irrigation Operations | Electricity (grid),0,NA,0,0,0,0,0,22634.40788,MWh,RFCW,NA,NA,NA,NA,NA,NA,NA,NA,NA,NA,NA,NA,NA
Energy Use,Upstream,Energy use associated with electricity generation and distribution,Irrigation Operations | Electricity (grid),0,NA,0,0,0,0,0,22428.68111,MWh,RMPA,NA,NA,NA,NA,NA,NA,NA,NA,NA,NA,NA,NA,NA
Energy Use,Upstream,Energy use associated with electricity generation and distribution,Irrigation Operations | Electricity (grid),0,NA,0,0,0,0,0,22038.19951,MWh,SPNO,NA,NA,NA,NA,NA,NA,NA,NA,NA,NA,NA,NA,NA
Energy Use,Upstream,Energy use associated with electricity generation and distribution,Irrigation Operations | Electricity (grid),0,NA,0,0,0,0,0,21034.84492,MWh,SPSO,NA,NA,NA,NA,NA,NA,NA,NA,NA,NA,NA,NA,NA
Energy Use,Upstream,Energy use associated with electricity generation and distribution,Irrigation Operations | Electricity (grid),0,NA,0,0,0,0,0,19991.07767,MWh,SRMV,NA,NA,NA,NA,NA,NA,NA,NA,NA,NA,NA,NA,NA
Energy Use,Upstream,Energy use associated with electricity generation and distribution,Irrigation Operations | Electricity (grid),0,NA,0,0,0,0,0,27261.15822,MWh,SRMW,NA,NA,NA,NA,NA,NA,NA,NA,NA,NA,NA,NA,NA
Energy Use,Upstream,Energy use associated with electricity generation and distribution,Irrigation Operations | Electricity (grid),0,NA,0,0,0,0,0,22609.45258,MWh,SRSO,NA,NA,NA,NA,NA,NA,NA,NA,NA,NA,NA,NA,NA
Energy Use,Upstream,Energy use associated with electricity generation and distribution,Irrigation Operations | Electricity (grid),0,NA,0,0,0,0,0,21669.19355,MWh,SRTV,NA,NA,NA,NA,NA,NA,NA,NA,NA,NA,NA,NA,NA
Energy Use,Upstream,Energy use associated with electricity generation and distribution,Irrigation Operations | Electricity (grid),0,NA,0,0,0,0,0,20323.39816,MWh,SRVC,NA,NA,NA,NA,NA,NA,NA,NA,NA,NA,NA,NA,NA
GHG Emissions,Upstream,GHG emissions associated with electricity generation and distribution,Irrigation Operations | Electricity (grid),512.714894,NA,0.614338537,0.003508412,0.006141478,8.25e-11,5e-8,0,MWh,AKGD,NA,NA,NA,NA,NA,NA,NA,NA,NA,NA,NA,NA,NA
GHG Emissions,Upstream,GHG emissions associated with electricity generation and distribution,Irrigation Operations | Electricity (grid),247.1273065,NA,0.131409002,7.64e-4,0.002016641,7.86e-11,4.76e-8,0,MWh,AKMS,NA,NA,NA,NA,NA,NA,NA,NA,NA,NA,NA,NA,NA
GHG Emissions,Upstream,GHG emissions associated with electricity generation and distribution,Irrigation Operations | Electricity (grid),383.9730584,NA,0.466691238,0.002414732,0.003655254,3.57e-9,1.89e-7,0,MWh,AZNM,NA,NA,NA,NA,NA,NA,NA,NA,NA,NA,NA,NA,NA
GHG Emissions,Upstream,GHG emissions associated with electricity generation and distribution,Irrigation Operations | Electricity (grid),254.3928075,NA,0.375170388,0.00459928,0.002751238,9.88e-9,1.87e-7,0,MWh,CAMX,NA,NA,NA,NA,NA,NA,NA,NA,NA,NA,NA,NA,NA
GHG Emissions,Upstream,GHG emissions associated with electricity generation and distribution,Irrigation Operations | Electricity (grid),378.2250254,NA,0.478120285,0.002413264,0.003667137,3.02e-9,5.41e-7,0,MWh,ERCT,NA,NA,NA,NA,NA,NA,NA,NA,NA,NA,NA,NA,NA
GHG Emissions,Upstream,GHG emissions associated with electricity generation and distribution,Irrigation Operations | Electricity (grid),399.0436313,NA,0.591309156,0.004407375,0.003449216,2.04e-9,8.25e-10,0,MWh,FRCC,NA,NA,NA,NA,NA,NA,NA,NA,NA,NA,NA,NA,NA
GHG Emissions,Upstream,GHG emissions associated with electricity generation and distribution,Irrigation Operations | Electricity (grid),579.9453679,NA,0.289409783,0.006259995,0.01037572,3.05e-9,3.29e-7,0,MWh,HIMS,NA,NA,NA,NA,NA,NA,NA,NA,NA,NA,NA,NA,NA
GHG Emissions,Upstream,GHG emissions associated with electricity generation and distribution,Irrigation Operations | Electricity (grid),774.2307217,NA,0.411177601,0.004479048,0.013159213,3.03e-9,9.18e-8,0,MWh,HIOA,NA,NA,NA,NA,NA,NA,NA,NA,NA,NA,NA,NA,NA
GHG Emissions,Upstream,GHG emissions associated with electricity generation and distribution,Irrigation Operations | Electricity (grid),717.8169657,NA,0.696300447,0.004040412,0.010291466,1.66e-9,9.09e-8,0,MWh,MROE,NA,NA,NA,NA,NA,NA,NA,NA,NA,NA,NA,NA,NA
GHG Emissions,Upstream,GHG emissions associated with electricity generation and distribution,Irrigation Operations | Electricity (grid),456.4947131,NA,0.418323474,0.001284941,0.007655046,1.85e-9,9.35e-7,0,MWh,MROW,NA,NA,NA,NA,NA,NA,NA,NA,NA,NA,NA,NA,NA
GHG Emissions,Upstream,GHG emissions associated with electricity generation and distribution,Irrigation Operations | Electricity (grid),266.3577784,NA,0.406294275,0.01092986,0.005126817,1.71e-9,9.07e-8,0,MWh,NEWE,NA,NA,NA,NA,NA,NA,NA,NA,NA,NA,NA,NA,NA
GHG Emissions,Upstream,GHG emissions associated with electricity generation and distribution,Irrigation Operations | Electricity (grid),297.2361806,NA,0.309088668,0.001662574,0.004250472,1.56e-9,2.57e-7,0,MWh,NWPP,NA,NA,NA,NA,NA,NA,NA,NA,NA,NA,NA,NA,NA
GHG Emissions,Upstream,GHG emissions associated with electricity generation and distribution,Irrigation Operations | Electricity (grid),433.252093,NA,0.683698871,0.004392971,0.001767347,5.47e-11,3.43e-10,0,MWh,NYCW,NA,NA,NA,NA,NA,NA,NA,NA,NA,NA,NA,NA,NA
GHG Emissions,Upstream,GHG emissions associated with electricity generation and distribution,Irrigation Operations | Electricity (grid),585.9317223,NA,0.667713399,0.013916196,0.009984652,1.1e-9,1.4e-9,0,MWh,NYLI,NA,NA,NA,NA,NA,NA,NA,NA,NA,NA,NA,NA,NA
GHG Emissions,Upstream,GHG emissions associated with electricity generation and distribution,Irrigation Operations | Electricity (grid),139.0713633,NA,0.213803592,0.003033785,0.001427835,9.45e-10,1.23e-7,0,MWh,NYUP,NA,NA,NA,NA,NA,NA,NA,NA,NA,NA,NA,NA,NA
GHG Emissions,Upstream,GHG emissions associated with electricity generation and distribution,Irrigation Operations | Electricity (grid),737.4519984,NA,0.550660591,0.00236917,0.006679124,7.98e-10,2.24e-8,0,MWh,PRMS,NA,NA,NA,NA,NA,NA,NA,NA,NA,NA,NA,NA,NA
GHG Emissions,Upstream,GHG emissions associated with electricity generation and distribution,Irrigation Operations | Electricity (grid),322.213349,NA,0.443873693,0.002940472,0.003298623,4.69e-10,2.41e-8,0,MWh,RFCE,NA,NA,NA,NA,NA,NA,NA,NA,NA,NA,NA,NA,NA
GHG Emissions,Upstream,GHG emissions associated with electricity generation and distribution,Irrigation Operations | Electricity (grid),590.9693247,NA,0.627656751,0.002960003,0.008409509,7.63e-10,2.22e-7,0,MWh,RFCM,NA,NA,NA,NA,NA,NA,NA,NA,NA,NA,NA,NA,NA
GHG Emissions,Upstream,GHG emissions associated with electricity generation and distribution,Irrigation Operations | Electricity (grid),486.0904152,NA,0.521207941,0.001859391,0.006145415,4.53e-10,1.42e-7,0,MWh,RFCW,NA,NA,NA,NA,NA,NA,NA,NA,NA,NA,NA,NA,NA
GHG Emissions,Upstream,GHG emissions associated with electricity generation and distribution,Irrigation Operations | Electricity (grid),547.2036098,NA,0.510714838,0.001528428,0.00705596,2.61e-9,6.48e-7,0,MWh,RMPA,NA,NA,NA,NA,NA,NA,NA,NA,NA,NA,NA,NA,NA
GHG Emissions,Upstream,GHG emissions associated with electricity generation and distribution,Irrigation Operations | Electricity (grid),463.7984985,NA,0.426576499,0.001028211,0.007023915,1.45e-9,9.47e-7,0,MWh,SPNO,NA,NA,NA,NA,NA,NA,NA,NA,NA,NA,NA,NA,NA
GHG Emissions,Upstream,GHG emissions associated with electricity generation and distribution,Irrigation Operations | Electricity (grid),473.5587985,NA,0.497966005,0.002827826,0.005381156,1.28e-9,7.39e-7,0,MWh,SPSO,NA,NA,NA,NA,NA,NA,NA,NA,NA,NA,NA,NA,NA
GHG Emissions,Upstream,GHG emissions associated with electricity generation and distribution,Irrigation Operations | Electricity (grid),391.7719619,NA,0.548574607,0.003372924,0.00338038,2.46e-10,6.51e-10,0,MWh,SRMV,NA,NA,NA,NA,NA,NA,NA,NA,NA,NA,NA,NA,NA
GHG Emissions,Upstream,GHG emissions associated with electricity generation and distribution,Irrigation Operations | Electricity (grid),663.2364757,NA,0.632650068,9.61e-4,0.010938743,9.53e-10,2.57e-7,0,MWh,SRMW,NA,NA,NA,NA,NA,NA,NA,NA,NA,NA,NA,NA,NA
GHG Emissions,Upstream,GHG emissions associated with electricity generation and distribution,Irrigation Operations | Electricity (grid),436.8507467,NA,0.54562209,0.004796316,0.00543604,1.53e-9,1.32e-9,0,MWh,SRSO,NA,NA,NA,NA,NA,NA,NA,NA,NA,NA,NA,NA,NA
GHG Emissions,Upstream,GHG emissions associated with electricity generation and distribution,Irrigation Operations | Electricity (grid),453.8107203,NA,0.485311765,0.001885547,0.006143663,3.4e-10,7.38e-10,0,MWh,SRTV,NA,NA,NA,NA,NA,NA,NA,NA,NA,NA,NA,NA,NA
GHG Emissions,Upstream,GHG emissions associated with electricity generation and distribution,Irrigation Operations | Electricity (grid),306.5807928,NA,0.394709867,0.003487769,0.004097228,2.62e-9,1.29e-8,0,MWh,SRVC,NA,NA,NA,NA,NA,NA,NA,NA,NA,NA,NA,NA,NA
Energy Use,Upstream,Energy use associated with electricity generation and distribution,Crop Drying | Electricity (grid),0,NA,0,0,0,0,0,20168.08442,MWh,AKGD,NA,NA,NA,NA,NA,NA,NA,NA,NA,NA,NA,NA,NA
Energy Use,Upstream,Energy use associated with electricity generation and distribution,Crop Drying | Electricity (grid),0,NA,0,0,0,0,0,12721.68093,MWh,AKMS,NA,NA,NA,NA,NA,NA,NA,NA,NA,NA,NA,NA,NA
Energy Use,Upstream,Energy use associated with electricity generation and distribution,Crop Drying | Electricity (grid),0,NA,0,0,0,0,0,20231.40153,MWh,AZNM,NA,NA,NA,NA,NA,NA,NA,NA,NA,NA,NA,NA,NA
Energy Use,Upstream,Energy use associated with electricity generation and distribution,Crop Drying | Electricity (grid),0,NA,0,0,0,0,0,20202.42844,MWh,CAMX,NA,NA,NA,NA,NA,NA,NA,NA,NA,NA,NA,NA,NA
Energy Use,Upstream,Energy use associated with electricity generation and distribution,Crop Drying | Electricity (grid),0,NA,0,0,0,0,0,19722.4185,MWh,ERCT,NA,NA,NA,NA,NA,NA,NA,NA,NA,NA,NA,NA,NA
Energy Use,Upstream,Energy use associated with electricity generation and distribution,Crop Drying | Electricity (grid),0,NA,0,0,0,0,0,19927.70942,MWh,FRCC,NA,NA,NA,NA,NA,NA,NA,NA,NA,NA,NA,NA,NA
Energy Use,Upstream,Energy use associated with electricity generation and distribution,Crop Drying | Electricity (grid),0,NA,0,0,0,0,0,24639.07768,MWh,HIMS,NA,NA,NA,NA,NA,NA,NA,NA,NA,NA,NA,NA,NA
Energy Use,Upstream,Energy use associated with electricity generation and distribution,Crop Drying | Electricity (grid),0,NA,0,0,0,0,0,27181.92176,MWh,HIOA,NA,NA,NA,NA,NA,NA,NA,NA,NA,NA,NA,NA,NA
Energy Use,Upstream,Energy use associated with electricity generation and distribution,Crop Drying | Electricity (grid),0,NA,0,0,0,0,0,27606.16634,MWh,MROE,NA,NA,NA,NA,NA,NA,NA,NA,NA,NA,NA,NA,NA
Energy Use,Upstream,Energy use associated with electricity generation and distribution,Crop Drying | Electricity (grid),0,NA,0,0,0,0,0,22425.36437,MWh,MROW,NA,NA,NA,NA,NA,NA,NA,NA,NA,NA,NA,NA,NA
Energy Use,Upstream,Energy use associated with electricity generation and distribution,Crop Drying | Electricity (grid),0,NA,0,0,0,0,0,19822.80884,MWh,NEWE,NA,NA,NA,NA,NA,NA,NA,NA,NA,NA,NA,NA,NA
Energy Use,Upstream,Energy use associated with electricity generation and distribution,Crop Drying | Electricity (grid),0,NA,0,0,0,0,0,16968.0057,MWh,NWPP,NA,NA,NA,NA,NA,NA,NA,NA,NA,NA,NA,NA,NA
Energy Use,Upstream,Energy use associated with electricity generation and distribution,Crop Drying | Electricity (grid),0,NA,0,0,0,0,0,18446.82755,MWh,NYCW,NA,NA,NA,NA,NA,NA,NA,NA,NA,NA,NA,NA,NA
Energy Use,Upstream,Energy use associated with electricity generation and distribution,Crop Drying | Electricity (grid),0,NA,0,0,0,0,0,22025.46884,MWh,NYLI,NA,NA,NA,NA,NA,NA,NA,NA,NA,NA,NA,NA,NA
Energy Use,Upstream,Energy use associated with electricity generation and distribution,Crop Drying | Electricity (grid),0,NA,0,0,0,0,0,14785.52212,MWh,NYUP,NA,NA,NA,NA,NA,NA,NA,NA,NA,NA,NA,NA,NA
Energy Use,Upstream,Energy use associated with electricity generation and distribution,Crop Drying | Electricity (grid),0,NA,0,0,0,0,0,23470.56205,MWh,PRMS,NA,NA,NA,NA,NA,NA,NA,NA,NA,NA,NA,NA,NA
Energy Use,Upstream,Energy use associated with electricity generation and distribution,Crop Drying | Electricity (grid),0,NA,0,0,0,0,0,18972.59083,MWh,RFCE,NA,NA,NA,NA,NA,NA,NA,NA,NA,NA,NA,NA,NA
Energy Use,Upstream,Energy use associated with electricity generation and distribution,Crop Drying | Electricity (grid),0,NA,0,0,0,0,0,24951.43227,MWh,RFCM,NA,NA,NA,NA,NA,NA,NA,NA,NA,NA,NA,NA,NA
Energy Use,Upstream,Energy use associated with electricity generation and distribution,Crop Drying | Electricity (grid),0,NA,0,0,0,0,0,22634.40788,MWh,RFCW,NA,NA,NA,NA,NA,NA,NA,NA,NA,NA,NA,NA,NA
Energy Use,Upstream,Energy use associated with electricity generation and distribution,Crop Drying | Electricity (grid),0,NA,0,0,0,0,0,22428.68111,MWh,RMPA,NA,NA,NA,NA,NA,NA,NA,NA,NA,NA,NA,NA,NA
Energy Use,Upstream,Energy use associated with electricity generation and distribution,Crop Drying | Electricity (grid),0,NA,0,0,0,0,0,22038.19951,MWh,SPNO,NA,NA,NA,NA,NA,NA,NA,NA,NA,NA,NA,NA,NA
Energy Use,Upstream,Energy use associated with electricity generation and distribution,Crop Drying | Electricity (grid),0,NA,0,0,0,0,0,21034.84492,MWh,SPSO,NA,NA,NA,NA,NA,NA,NA,NA,NA,NA,NA,NA,NA
Energy Use,Upstream,Energy use associated with electricity generation and distribution,Crop Drying | Electricity (grid),0,NA,0,0,0,0,0,19991.07767,MWh,SRMV,NA,NA,NA,NA,NA,NA,NA,NA,NA,NA,NA,NA,NA
Energy Use,Upstream,Energy use associated with electricity generation and distribution,Crop Drying | Electricity (grid),0,NA,0,0,0,0,0,27261.15822,MWh,SRMW,NA,NA,NA,NA,NA,NA,NA,NA,NA,NA,NA,NA,NA
Energy Use,Upstream,Energy use associated with electricity generation and distribution,Crop Drying | Electricity (grid),0,NA,0,0,0,0,0,22609.45258,MWh,SRSO,NA,NA,NA,NA,NA,NA,NA,NA,NA,NA,NA,NA,NA
Energy Use,Upstream,Energy use associated with electricity generation and distribution,Crop Drying | Electricity (grid),0,NA,0,0,0,0,0,21669.19355,MWh,SRTV,NA,NA,NA,NA,NA,NA,NA,NA,NA,NA,NA,NA,NA
Energy Use,Upstream,Energy use associated with electricity generation and distribution,Crop Drying | Electricity (grid),0,NA,0,0,0,0,0,20323.39816,MWh,SRVC,NA,NA,NA,NA,NA,NA,NA,NA,NA,NA,NA,NA,NA
GHG Emissions,Upstream,GHG emissions associated with electricity generation and distribution,Crop Drying | Electricity (grid),512.714894,NA,0.614338537,0.003508412,0.006141478,8.25e-11,5e-8,0,MWh,AKGD,NA,NA,NA,NA,NA,NA,NA,NA,NA,NA,NA,NA,NA
GHG Emissions,Upstream,GHG emissions associated with electricity generation and distribution,Crop Drying | Electricity (grid),247.1273065,NA,0.131409002,7.64e-4,0.002016641,7.86e-11,4.76e-8,0,MWh,AKMS,NA,NA,NA,NA,NA,NA,NA,NA,NA,NA,NA,NA,NA
GHG Emissions,Upstream,GHG emissions associated with electricity generation and distribution,Crop Drying | Electricity (grid),383.9730584,NA,0.466691238,0.002414732,0.003655254,3.57e-9,1.89e-7,0,MWh,AZNM,NA,NA,NA,NA,NA,NA,NA,NA,NA,NA,NA,NA,NA
GHG Emissions,Upstream,GHG emissions associated with electricity generation and distribution,Crop Drying | Electricity (grid),254.3928075,NA,0.375170388,0.00459928,0.002751238,9.88e-9,1.87e-7,0,MWh,CAMX,NA,NA,NA,NA,NA,NA,NA,NA,NA,NA,NA,NA,NA
GHG Emissions,Upstream,GHG emissions associated with electricity generation and distribution,Crop Drying | Electricity (grid),378.2250254,NA,0.478120285,0.002413264,0.003667137,3.02e-9,5.41e-7,0,MWh,ERCT,NA,NA,NA,NA,NA,NA,NA,NA,NA,NA,NA,NA,NA
GHG Emissions,Upstream,GHG emissions associated with electricity generation and distribution,Crop Drying | Electricity (grid),399.0436313,NA,0.591309156,0.004407375,0.003449216,2.04e-9,8.25e-10,0,MWh,FRCC,NA,NA,NA,NA,NA,NA,NA,NA,NA,NA,NA,NA,NA
GHG Emissions,Upstream,GHG emissions associated with electricity generation and distribution,Crop Drying | Electricity (grid),579.9453679,NA,0.289409783,0.006259995,0.01037572,3.05e-9,3.29e-7,0,MWh,HIMS,NA,NA,NA,NA,NA,NA,NA,NA,NA,NA,NA,NA,NA
GHG Emissions,Upstream,GHG emissions associated with electricity generation and distribution,Crop Drying | Electricity (grid),774.2307217,NA,0.411177601,0.004479048,0.013159213,3.03e-9,9.18e-8,0,MWh,HIOA,NA,NA,NA,NA,NA,NA,NA,NA,NA,NA,NA,NA,NA
GHG Emissions,Upstream,GHG emissions associated with electricity generation and distribution,Crop Drying | Electricity (grid),717.8169657,NA,0.696300447,0.004040412,0.010291466,1.66e-9,9.09e-8,0,MWh,MROE,NA,NA,NA,NA,NA,NA,NA,NA,NA,NA,NA,NA,NA
GHG Emissions,Upstream,GHG emissions associated with electricity generation and distribution,Crop Drying | Electricity (grid),456.4947131,NA,0.418323474,0.001284941,0.007655046,1.85e-9,9.35e-7,0,MWh,MROW,NA,NA,NA,NA,NA,NA,NA,NA,NA,NA,NA,NA,NA
GHG Emissions,Upstream,GHG emissions associated with electricity generation and distribution,Crop Drying | Electricity (grid),266.3577784,NA,0.406294275,0.01092986,0.005126817,1.71e-9,9.07e-8,0,MWh,NEWE,NA,NA,NA,NA,NA,NA,NA,NA,NA,NA,NA,NA,NA
GHG Emissions,Upstream,GHG emissions associated with electricity generation and distribution,Crop Drying | Electricity (grid),297.2361806,NA,0.309088668,0.001662574,0.004250472,1.56e-9,2.57e-7,0,MWh,NWPP,NA,NA,NA,NA,NA,NA,NA,NA,NA,NA,NA,NA,NA
GHG Emissions,Upstream,GHG emissions associated with electricity generation and distribution,Crop Drying | Electricity (grid),433.252093,NA,0.683698871,0.004392971,0.001767347,5.47e-11,3.43e-10,0,MWh,NYCW,NA,NA,NA,NA,NA,NA,NA,NA,NA,NA,NA,NA,NA
GHG Emissions,Upstream,GHG emissions associated with electricity generation and distribution,Crop Drying | Electricity (grid),585.9317223,NA,0.667713399,0.013916196,0.009984652,1.1e-9,1.4e-9,0,MWh,NYLI,NA,NA,NA,NA,NA,NA,NA,NA,NA,NA,NA,NA,NA
GHG Emissions,Upstream,GHG emissions associated with electricity generation and distribution,Crop Drying | Electricity (grid),139.0713633,NA,0.213803592,0.003033785,0.001427835,9.45e-10,1.23e-7,0,MWh,NYUP,NA,NA,NA,NA,NA,NA,NA,NA,NA,NA,NA,NA,NA
GHG Emissions,Upstream,GHG emissions associated with electricity generation and distribution,Crop Drying | Electricity (grid),737.4519984,NA,0.550660591,0.00236917,0.006679124,7.98e-10,2.24e-8,0,MWh,PRMS,NA,NA,NA,NA,NA,NA,NA,NA,NA,NA,NA,NA,NA
GHG Emissions,Upstream,GHG emissions associated with electricity generation and distribution,Crop Drying | Electricity (grid),322.213349,NA,0.443873693,0.002940472,0.003298623,4.69e-10,2.41e-8,0,MWh,RFCE,NA,NA,NA,NA,NA,NA,NA,NA,NA,NA,NA,NA,NA
GHG Emissions,Upstream,GHG emissions associated with electricity generation and distribution,Crop Drying | Electricity (grid),590.9693247,NA,0.627656751,0.002960003,0.008409509,7.63e-10,2.22e-7,0,MWh,RFCM,NA,NA,NA,NA,NA,NA,NA,NA,NA,NA,NA,NA,NA
GHG Emissions,Upstream,GHG emissions associated with electricity generation and distribution,Crop Drying | Electricity (grid),486.0904152,NA,0.521207941,0.001859391,0.006145415,4.53e-10,1.42e-7,0,MWh,RFCW,NA,NA,NA,NA,NA,NA,NA,NA,NA,NA,NA,NA,NA
GHG Emissions,Upstream,GHG emissions associated with electricity generation and distribution,Crop Drying | Electricity (grid),547.2036098,NA,0.510714838,0.001528428,0.00705596,2.61e-9,6.48e-7,0,MWh,RMPA,NA,NA,NA,NA,NA,NA,NA,NA,NA,NA,NA,NA,NA
GHG Emissions,Upstream,GHG emissions associated with electricity generation and distribution,Crop Drying | Electricity (grid),463.7984985,NA,0.426576499,0.001028211,0.007023915,1.45e-9,9.47e-7,0,MWh,SPNO,NA,NA,NA,NA,NA,NA,NA,NA,NA,NA,NA,NA,NA
GHG Emissions,Upstream,GHG emissions associated with electricity generation and distribution,Crop Drying | Electricity (grid),473.5587985,NA,0.497966005,0.002827826,0.005381156,1.28e-9,7.39e-7,0,MWh,SPSO,NA,NA,NA,NA,NA,NA,NA,NA,NA,NA,NA,NA,NA
GHG Emissions,Upstream,GHG emissions associated with electricity generation and distribution,Crop Drying | Electricity (grid),391.7719619,NA,0.548574607,0.003372924,0.00338038,2.46e-10,6.51e-10,0,MWh,SRMV,NA,NA,NA,NA,NA,NA,NA,NA,NA,NA,NA,NA,NA
GHG Emissions,Upstream,GHG emissions associated with electricity generation and distribution,Crop Drying | Electricity (grid),663.2364757,NA,0.632650068,9.61e-4,0.010938743,9.53e-10,2.57e-7,0,MWh,SRMW,NA,NA,NA,NA,NA,NA,NA,NA,NA,NA,NA,NA,NA
GHG Emissions,Upstream,GHG emissions associated with electricity generation and distribution,Crop Drying | Electricity (grid),436.8507467,NA,0.54562209,0.004796316,0.00543604,1.53e-9,1.32e-9,0,MWh,SRSO,NA,NA,NA,NA,NA,NA,NA,NA,NA,NA,NA,NA,NA
GHG Emissions,Upstream,GHG emissions associated with electricity generation and distribution,Crop Drying | Electricity (grid),453.8107203,NA,0.485311765,0.001885547,0.006143663,3.4e-10,7.38e-10,0,MWh,SRTV,NA,NA,NA,NA,NA,NA,NA,NA,NA,NA,NA,NA,NA
GHG Emissions,Upstream,GHG emissions associated with electricity generation and distribution,Crop Drying | Electricity (grid),306.5807928,NA,0.394709867,0.003487769,0.004097228,2.62e-9,1.29e-8,0,MWh,SRVC,NA,NA,NA,NA,NA,NA,NA,NA,NA,NA,NA,NA,NA
Energy Use,Upstream,Energy use associated with production of fuels,Crop Transportation | Biodiesel (on-road heavy-duty truck),0,0,0,0,0,NA,NA,74.33730942,gallon,NA,126.1319,"converting 119,550 btu/gallon to MJ based on B100",NA,NA,NA,NA,NA,NA,NA,NA,NA,NA,NA
Energy Use,Upstream,Energy use associated with production of fuels,Field Operations | Diesel (ag equipment),0,0,0,0,0,NA,NA,15.93910016,gallon,NA,144.9446,"converting 137,381 btu/gallon to MJ",NA,NA,NA,NA,NA,NA,NA,NA,NA,NA,NA
Energy Use,Upstream,Energy use associated with production of fuels,Irrigation Operations | Diesel (ag equipment),0,0,0,0,0,NA,NA,15.93910016,gallon,NA,144.9446,"converting 137,381 btu/gallon to MJ",NA,NA,NA,NA,NA,NA,NA,NA,NA,NA,NA
Energy Use,Upstream,Energy use associated with production of fuels,Crop Drying | Diesel (ag equipment),0,0,0,0,0,NA,NA,15.93910016,gallon,NA,144.9446,"converting 137,381 btu/gallon to MJ",NA,NA,NA,NA,NA,NA,NA,NA,NA,NA,NA
Energy Use,Upstream,Energy use associated with production of fuels,Crop Transportation | Diesel (on-road medium-heavy duty truck),0,0,0,0,0,NA,NA,15.93910016,gallon,NA,144.9446,"converting 137,381 btu/gallon to MJ",NA,NA,NA,NA,NA,NA,NA,NA,NA,NA,NA
Energy Use,Upstream,Energy use associated with production of fuels,Irrigation Operations | Gasoline,0,0,0,0,0,NA,NA,26.9325717,gallon,NA,118.2865,converting 112114 btu/gallon to MJ,NA,NA,NA,NA,NA,NA,NA,NA,NA,NA,NA
Energy Use,Upstream,Energy use associated with production of fuels,Crop Drying | Gasoline,0,0,0,0,0,NA,NA,26.9325717,gallon,NA,118.2865,converting 112114 btu/gallon to MJ,NA,NA,NA,NA,NA,NA,NA,NA,NA,NA,NA
Energy Use,Upstream,Energy use associated with production of fuels,Irrigation Operations | LPG,0,0,0,0,0,NA,NA,12.69749595,gallon,NA,88.88846,converting 84250 btu/gallon to MJ,NA,NA,NA,NA,NA,NA,NA,NA,NA,NA,NA
Energy Use,Upstream,Energy use associated with production of fuels,Crop Drying | LPG,0,0,0,0,0,NA,NA,12.69749595,gallon,NA,88.88846,converting 84250 btu/gallon to MJ,NA,NA,NA,NA,NA,NA,NA,NA,NA,NA,NA
Energy Use,Upstream,Energy use associated with production of fuels,Irrigation Operations | Natural gas,0,0,0,0,0,NA,NA,0.109477153,SCF,NA,1.076157,"converting 1,020 btu/scf to MJ",NA,NA,NA,NA,NA,NA,NA,NA,NA,NA,NA
Energy Use,Upstream,Energy use associated with production of fuels,Crop Drying | Natural gas,0,0,0,0,0,NA,NA,0.109477153,SCF,NA,1.076157,"converting 1,020 btu/scf to MJ",NA,NA,NA,NA,NA,NA,NA,NA,NA,NA,NA
Energy Use,Upstream,Energy use associated with production of fuels,Manure Transportation | Diesel (on-road medium-heavy duty truck),0,0,0,0,0,NA,NA,15.93910016,gallon,NA,144.9446,"converting 137,381 btu/gallon to MJ",NA,NA,NA,NA,NA,NA,NA,NA,NA,NA,NA
Energy Use,Upstream,Energy use associated with transportation of agricultural inputs,Agricultural Input Transportation | Diesel (on-road medium-heavy duty truck),0,0,0,0,0,NA,NA,160.88370015605662,gallon,NA,144.9446,"converting 137,381 btu/gallon to MJ. Here sums upstream plus combustion.",NA,NA,NA,NA,NA,NA,NA,NA,NA,NA,NA
GHG Emissions,Upstream,GHG emissions associated with production of fuels,Crop Transportation | Biodiesel (on-road heavy-duty truck),2.2449397590059887,0,0.003703666,0,0.00109765,NA,NA,0,gallon,NA,NA,NA,NA,NA,NA,NA,NA,NA,NA,NA,NA,NA,NA
GHG Emissions,Upstream,GHG emissions associated with production of fuels,Field Operations | Diesel (ag equipment),0.974700636,0,0.002328975,0,1.95308259015386e-5,NA,NA,0,gallon,NA,NA,NA,NA,NA,NA,NA,NA,NA,NA,NA,NA,NA,NA
GHG Emissions,Upstream,GHG emissions associated with production of fuels,Irrigation Operations | Diesel (ag equipment),0.974700636,0,0.002328975,0,1.95308259015386e-5,NA,NA,0,gallon,NA,NA,NA,NA,NA,NA,NA,NA,NA,NA,NA,NA,NA,NA
GHG Emissions,Upstream,GHG emissions associated with production of fuels,Crop Drying | Diesel (ag equipment),0.974700636,0,0.002328975,0,1.95308259015386e-5,NA,NA,0,gallon,NA,NA,NA,NA,NA,NA,NA,NA,NA,NA,NA,NA,NA,NA
GHG Emissions,Upstream,GHG emissions associated with production of fuels,Crop Transportation | Diesel (on-road medium-heavy duty truck),0.974700636,0,0.002328975,0,1.95308259015386e-5,NA,NA,0,gallon,NA,NA,NA,NA,NA,NA,NA,NA,NA,NA,NA,NA,NA,NA
GHG Emissions,Upstream,GHG emissions associated with production of fuels,Irrigation Operations | Gasoline,1.681120215,0,0.004676775,0,3.23242132524427e-4,NA,NA,0,gallon,NA,NA,NA,NA,NA,NA,NA,NA,NA,NA,NA,NA,NA,NA
GHG Emissions,Upstream,GHG emissions associated with production of fuels,Crop Drying | Gasoline,1.681120215,0,0.004676775,0,3.23242132524427e-4,NA,NA,0,gallon,NA,NA,NA,NA,NA,NA,NA,NA,NA,NA,NA,NA,NA,NA
GHG Emissions,Upstream,GHG emissions associated with production of fuels,Irrigation Operations | LPG,0.913986282,0,0.002550562,0,1.52436124826045e-5,NA,NA,0,gallon,NA,NA,NA,NA,NA,NA,NA,NA,NA,NA,NA,NA,NA,NA
GHG Emissions,Upstream,GHG emissions associated with production of fuels,Crop Drying | LPG,0.913986282,0,0.002550562,0,1.52436124826045e-5,NA,NA,0,gallon,NA,NA,NA,NA,NA,NA,NA,NA,NA,NA,NA,NA,NA,NA
GHG Emissions,Upstream,GHG emissions associated with production of fuels,Irrigation Operations | Natural gas,0.006135162,0,1.95219455375257e-4,0,1.31225883816239e-6,NA,NA,0,SCF,NA,NA,NA,NA,NA,NA,NA,NA,NA,NA,NA,NA,NA,NA
GHG Emissions,Upstream,GHG emissions associated with production of fuels,Crop Drying | Natural gas,0.006135162,0,1.95219455375257e-4,0,1.31225883816239e-6,NA,NA,0,SCF,NA,NA,NA,NA,NA,NA,NA,NA,NA,NA,NA,NA,NA,NA
GHG Emissions,Upstream,GHG emissions associated with production of fuels,Manure Transportation | Diesel (on-road medium-heavy duty truck),0.974700636,0,0.002328975,0,1.95308259015386e-5,NA,NA,0,gallon,NA,NA,NA,NA,NA,NA,NA,NA,NA,NA,NA,NA,NA,NA
GHG Emissions,Upstream,GHG emissions associated with transportation of agricultural inputs,Agricultural Input Transportation | Diesel (on-road medium-heavy duty truck),11.178464042730395,0,0.003238419,0,3.245452325951636e-4,NA,NA,0,gallon,NA,NA,Summing upstream + combustion,NA,NA,NA,NA,NA,NA,NA,NA,NA,NA,NA
Energy Use,On-Farm Mechanical,Energy use associated with mobile machinery,Field Operations | Diesel (ag equipment),0,0,0,0,0,NA,NA,144.9446,gallon,NA,144.9446,"converting 137,381 btu/gallon to MJ",NA,NA,NA,NA,NA,NA,NA,NA,NA,NA,NA
Energy Use,On-Farm Mechanical,Energy use associated with mobile machinery,Crop Transportation | Diesel (on-road medium-heavy duty truck),0,0,0,0,0,NA,NA,144.9446,gallon,NA,144.9446,"converting 137,381 btu/gallon to MJ",NA,NA,NA,NA,NA,NA,NA,NA,NA,NA,NA
Energy Use,Post-Harvest,Energy use associated with mobile machinery,Crop Transportation | Diesel (on-road medium-heavy duty truck),0,0,0,0,0,NA,NA,144.9446,gallon,NA,144.9446,"converting 137,381 btu/gallon to MJ",NA,NA,NA,NA,NA,NA,NA,NA,NA,NA,NA
Energy Use,On-Farm Mechanical,Energy use associated with mobile machinery,Crop Transportation | Biodiesel (on-road heavy-duty truck),0,0,0,0,0,NA,NA,126.1319,gallon,NA,126.1319,"converting 119,550 btu/gallon to MJ based on B100",NA,NA,NA,NA,NA,NA,NA,NA,NA,NA,NA
Energy Use,Post-Harvest,Energy use associated with mobile machinery,Crop Transportation | Biodiesel (on-road heavy-duty truck),0,0,0,0,0,NA,NA,126.1319,gallon,NA,126.1319,"converting 119,550 btu/gallon to MJ based on B100",NA,NA,NA,NA,NA,NA,NA,NA,NA,NA,NA
Energy Use,On-Farm Mechanical,Energy use associated with stationary machinery,Irrigation Operations | Diesel (ag equipment),0,0,0,0,0,NA,NA,144.9446,gallon,NA,144.9446,"converting 137,381 btu/gallon to MJ",NA,NA,NA,NA,NA,NA,NA,NA,NA,NA,NA
Energy Use,On-Farm Mechanical,Energy use associated with stationary machinery,Irrigation Operations | Gasoline,0,0,0,0,0,NA,NA,118.2865,gallon,NA,118.2865,converting 112114 btu/gallon to MJ,NA,NA,NA,NA,NA,NA,NA,NA,NA,NA,NA
Energy Use,On-Farm Mechanical,Energy use associated with stationary machinery,Irrigation Operations | LPG,0,0,0,0,0,NA,NA,88.88846,gallon,NA,88.88846,converting 84250 btu/gallon to MJ,NA,NA,NA,NA,NA,NA,NA,NA,NA,NA,NA
Energy Use,On-Farm Mechanical,Energy use associated with stationary machinery,Irrigation Operations | Natural gas,0,0,0,0,0,NA,NA,1.076157,SCF,NA,1.076157,"converting 1,020 btu/scf to MJ",NA,NA,NA,NA,NA,NA,NA,NA,NA,NA,NA
Energy Use,On-Farm Mechanical,Energy use associated with stationary machinery,Crop Drying | Diesel (ag equipment),0,0,0,0,0,NA,NA,144.9446,gallon,NA,144.9446,"converting 137,381 btu/gallon to MJ",NA,NA,NA,NA,NA,NA,NA,NA,NA,NA,NA
Energy Use,On-Farm Mechanical,Energy use associated with stationary machinery,Crop Drying | Gasoline,0,0,0,0,0,NA,NA,118.2865,gallon,NA,118.2865,converting 112114 btu/gallon to MJ,NA,NA,NA,NA,NA,NA,NA,NA,NA,NA,NA
Energy Use,On-Farm Mechanical,Energy use associated with stationary machinery,Crop Drying | LPG,0,0,0,0,0,NA,NA,88.88846,gallon,NA,88.88846,converting 84250 btu/gallon to MJ,NA,NA,NA,NA,NA,NA,NA,NA,NA,NA,NA
Energy Use,On-Farm Mechanical,Energy use associated with stationary machinery,Crop Drying | Natural gas,0,0,0,0,0,NA,NA,1.076157,SCF,NA,1.076157,"converting 1,020 btu/scf to MJ",NA,NA,NA,NA,NA,NA,NA,NA,NA,NA,NA
Energy Use,Post-Harvest,Energy use associated with stationary machinery,Crop Drying | Diesel (ag equipment),0,0,0,0,0,NA,NA,144.9446,gallon,NA,144.9446,"converting 137,381 btu/gallon to MJ",NA,NA,NA,NA,NA,NA,NA,NA,NA,NA,NA
Energy Use,Post-Harvest,Energy use associated with stationary machinery,Crop Drying | Gasoline,0,0,0,0,0,NA,NA,118.2865,gallon,NA,118.2865,converting 112114 btu/gallon to MJ,NA,NA,NA,NA,NA,NA,NA,NA,NA,NA,NA
Energy Use,Post-Harvest,Energy use associated with stationary machinery,Crop Drying | LPG,0,0,0,0,0,NA,NA,88.88846,gallon,NA,88.88846,converting 84250 btu/gallon to MJ,NA,NA,NA,NA,NA,NA,NA,NA,NA,NA,NA
Energy Use,Post-Harvest,Energy use associated with stationary machinery,Crop Drying | Natural gas,0,0,0,0,0,NA,NA,1.076157,SCF,NA,1.076157,"converting 1,020 btu/scf to MJ",NA,NA,NA,NA,NA,NA,NA,NA,NA,NA,NA
Energy Use,On-Farm Mechanical,Energy use associated with mobile machinery,Manure Transportation | Diesel (on-road medium-heavy duty truck),0,0,0,0,0,NA,NA,144.9446,gallon,NA,144.9446,"converting 137,381 btu/gallon to MJ",NA,NA,NA,NA,NA,NA,NA,NA,NA,NA,NA
GHG Emissions,On-Farm Mechanical,GHG emissions associated with mobile machinery,Field Operations | Diesel (ag equipment),10.20376341,0,0.001269224,0,0.001069346,NA,NA,0,gallon,NA,NA,NA,NA,NA,NA,NA,NA,NA,NA,NA,NA,NA,NA
GHG Emissions,On-Farm Mechanical,GHG emissions associated with transportation of crop production,Crop Transportation | Biodiesel (on-road heavy-duty truck),0,9.482742537313433,0,9.948065385657254e-5,1.4211521979510362e-5,NA,NA,0,gallon,NA,NA,NA,NA,NA,NA,NA,NA,NA,NA,NA,NA,NA,NA
GHG Emissions,On-Farm Mechanical,GHG emissions associated with transportation of crop production,Crop Transportation | Diesel (on-road medium-heavy duty truck),10.20376341,0,9.09444143009729e-4,0,3.05014406693625e-4,NA,NA,0,gallon,NA,NA,NA,NA,NA,NA,NA,NA,NA,NA,NA,NA,NA,NA
GHG Emissions,Post-Harvest,GHG emissions associated with transportation of crop production,Crop Transportation | Biodiesel (on-road heavy-duty truck),0,9.482742537313433,0,9.948065385657254e-5,1.4211521979510362e-5,NA,NA,0,gallon,NA,NA,NA,NA,NA,NA,NA,NA,NA,NA,NA,NA,NA,NA
GHG Emissions,Post-Harvest,GHG emissions associated with transportation of crop production,Crop Transportation | Diesel (on-road medium-heavy duty truck),10.20376341,0,9.09444143009729e-4,0,3.05014406693625e-4,NA,NA,0,gallon,NA,NA,NA,NA,NA,NA,NA,NA,NA,NA,NA,NA,NA,NA
GHG Emissions,On-Farm Mechanical,GHG emissions associated with stationary machinery,Crop Drying | Diesel (ag equipment),10.20376341,0,0.001269224,0,0.001069346,NA,NA,0,gallon,NA,NA,NA,NA,NA,NA,NA,NA,NA,NA,NA,NA,NA,NA
GHG Emissions,On-Farm Mechanical,GHG emissions associated with stationary machinery,Crop Drying | Gasoline,8.723056869,0,3.72674033149171e-4,0,7.45348066298343e-5,NA,NA,0,gallon,NA,NA,NA,NA,NA,NA,NA,NA,NA,NA,NA,NA,NA,NA
GHG Emissions,On-Farm Mechanical,GHG emissions associated with stationary machinery,Crop Drying | LPG,5.643816502,0,2.74371244635193e-4,0,5.48742489270386e-5,NA,NA,0,gallon,NA,NA,NA,NA,NA,NA,NA,NA,NA,NA,NA,NA,NA,NA
GHG Emissions,On-Farm Mechanical,GHG emissions associated with stationary machinery,Crop Drying | Natural gas,0.05443729,0,1.02595722048913e-6,0,1.02595722048913e-7,NA,NA,0,SCF,NA,NA,NA,NA,NA,NA,NA,NA,NA,NA,NA,NA,NA,NA
GHG Emissions,Post-Harvest,GHG emissions associated with stationary machinery,Crop Drying | Diesel (ag equipment),10.20376341,0,0.001269224,0,0.001069346,NA,NA,0,gallon,NA,NA,NA,NA,NA,NA,NA,NA,NA,NA,NA,NA,NA,NA
GHG Emissions,Post-Harvest,GHG emissions associated with stationary machinery,Crop Drying | Gasoline,8.723056869,0,3.72674033149171e-4,0,7.45348066298343e-5,NA,NA,0,gallon,NA,NA,NA,NA,NA,NA,NA,NA,NA,NA,NA,NA,NA,NA
GHG Emissions,Post-Harvest,GHG emissions associated with stationary machinery,Crop Drying | LPG,5.643816502,0,2.74371244635193e-4,0,5.48742489270386e-5,NA,NA,0,gallon,NA,NA,NA,NA,NA,NA,NA,NA,NA,NA,NA,NA,NA,NA
GHG Emissions,Post-Harvest,GHG emissions associated with stationary machinery,Crop Drying | Natural gas,0.05443729,0,1.02595722048913e-6,0,1.02595722048913e-7,NA,NA,0,SCF,NA,NA,NA,NA,NA,NA,NA,NA,NA,NA,NA,NA,NA,NA
GHG Emissions,On-Farm Mechanical,GHG emissions associated with stationary machinery,Irrigation Operations | Diesel (ag equipment),10.20376341,0,0.001269224,0,0.001069346,NA,NA,0,gallon,NA,NA,NA,NA,NA,NA,NA,NA,NA,NA,NA,NA,NA,NA
GHG Emissions,On-Farm Mechanical,GHG emissions associated with stationary machinery,Irrigation Operations | Gasoline,8.723056869,0,3.72674033149171e-4,0,7.45348066298343e-5,NA,NA,0,gallon,NA,NA,NA,NA,NA,NA,NA,NA,NA,NA,NA,NA,NA,NA
GHG Emissions,On-Farm Mechanical,GHG emissions associated with stationary machinery,Irrigation Operations | LPG,5.643816502,0,2.74371244635193e-4,0,5.48742489270386e-5,NA,NA,0,gallon,NA,NA,NA,NA,NA,NA,NA,NA,NA,NA,NA,NA,NA,NA
GHG Emissions,On-Farm Mechanical,GHG emissions associated with stationary machinery,Irrigation Operations | Natural gas,0.05443729,0,1.02595722048913e-6,0,1.02595722048913e-7,NA,NA,0,SCF,NA,NA,NA,NA,NA,NA,NA,NA,NA,NA,NA,NA,NA,NA
GHG Emissions,On-Farm Mechanical,GHG emissions associated with mobile machinery,Manure Transportation | Diesel (on-road medium-heavy duty truck),10.20376341,0,9.09444143009729e-4,0,3.05014406693625e-4,NA,NA,0,gallon,NA,NA,NA,NA,NA,NA,NA,NA,NA,NA,NA,NA,NA,NA
Energy Use,Upstream,Energy use associated with production of fertilizers,Ammonia (aqueous),0,NA,0,NA,0,NA,NA,0.009438179,kg fertilizer,NA,NA,NA,0.2,0,0,0,0,0,0,1,0,0,0.08
Energy Use,Upstream,Energy use associated with production of fertilizers,Ammonia (aqueous) (green ammonia),0,NA,0,NA,0,NA,NA,0.010818665,kg fertilizer,NA,NA,NA,0.2,0,0,0,0,0,0,1,0,0,0.08
Energy Use,Upstream,Energy use associated with production of fertilizers,Ammonia (conventional),0,NA,0,NA,0,NA,NA,37.75271770623694,kg fertilizer,NA,NA,NA,0.82,0,0,0,0,0,0,1,0,0,0.08
Energy Use,Upstream,Energy use associated with production of fertilizers,Ammonia (green),0,NA,0,NA,0,NA,NA,43.27466168,kg fertilizer,NA,NA,NA,0.82,0,0,0,0,0,0,1,0,0,0.08
Energy Use,Upstream,Energy use associated with production of fertilizers,Ammonium nitrate,0,NA,0,NA,0,NA,NA,14.698675047074367,kg fertilizer,NA,NA,NA,0.35,0,0,0,0.487,0.513,0,0,0,0,0.05
Energy Use,Upstream,Energy use associated with production of fertilizers,Ammonium nitrate (green ammonia),0,NA,0,NA,0,NA,NA,15.874849113485901,kg fertilizer,NA,NA,NA,0.35,0,0,0,0.78,0.225,0,0.2125,0,0,0.05
Energy Use,Upstream,Energy use associated with production of fertilizers,Ammonium sulfate,0,NA,0,NA,0,NA,NA,18.04438069625836,kg fertilizer,NA,NA,NA,0.21,0,0,0.24,0,0.273,0,0,0,0,0.08
Energy Use,Upstream,Energy use associated with production of fertilizers,Ammonium sulfate (green ammonia),0,NA,0,NA,0,NA,NA,19.46774862258428,kg fertilizer,NA,NA,NA,0.21,0,0,0.24,0,0,0,0,0,0,0.08
Energy Use,Upstream,Energy use associated with production of fertilizers,Calcium ammonium nitrate,0,NA,0,NA,0,NA,NA,13.664384326874988,kg fertilizer,NA,NA,NA,0.27,0,0,0,0.135,0,0,0.135,0.086,0,0.05
Energy Use,Upstream,Energy use associated with production of fertilizers,Calcium ammonium nitrate (green ammonia),0,NA,0,NA,0,NA,NA,14.484950870028165,kg fertilizer,NA,NA,NA,0.27,0,0,0,0.135,0,0,0.135,0.086,0,0.05
Energy Use,Upstream,Energy use associated with production of fertilizers,Diammonium phosphate,0,NA,0,NA,0,NA,NA,23.913593264633853,kg fertilizer,NA,NA,NA,0.18,0.2,0.46,0,0,0.273,0,0,0,0,0.08
Energy Use,Upstream,Energy use associated with production of fertilizers,Diammonium phosphate (green ammonia),0,NA,0,NA,0,NA,NA,25.13504727163024,kg fertilizer,NA,NA,NA,0.18,0.2,0.46,0,0,0.273,0,0,0,0,0.08
Energy Use,Upstream,Energy use associated with production of fertilizers,Gypsum,0,NA,0,NA,0,NA,NA,3.6663426731403697e-4,kg fertilizer,NA,NA,NA,0,0,0,0.17,0,0,0,0,0.22,0,0
Energy Use,Upstream,Energy use associated with production of fertilizers,K2O,0,NA,0,NA,0,NA,NA,8.731519069951004,kg K2O,NA,NA,NA,0,0,0,0,0,0,0,0,0,0.83,0
Energy Use,Upstream,Energy use associated with production of fertilizers,Lime (calcitic),0,NA,0,NA,0,NA,NA,0.030180061,kg fertilizer,NA,NA,NA,0,0,0,0,0,0,0,0,0.4,0,0
Energy Use,Upstream,Energy use associated with production of fertilizers,Lime (dolomitic),0,NA,0,NA,0,NA,NA,0.030180061,kg fertilizer,NA,NA,NA,0,0,0,0,0,0,0,0,0.4,0,0
Energy Use,Upstream,Energy use associated with production of fertilizers,Monoammonium phosphate,0,NA,0,NA,0,NA,NA,22.41208435,kg fertilizer,NA,NA,NA,0.12,0.27,0.61,0,0,0.12,0,0,0,0,0.08
Energy Use,Upstream,Energy use associated with production of fertilizers,Monoammonium phosphate (green ammonia),0,NA,0,NA,0,NA,NA,23.155338012743105,kg fertilizer,NA,NA,NA,0.12,0.27,0.61,0,0,0.12,0,0,0,0,0.08
Energy Use,Upstream,Energy use associated with production of fertilizers,Potash (MOP),0,NA,0,NA,0,NA,NA,5.238911441970602,kg fertilizer,NA,NA,NA,0,0,0,0,0,0,0,0,0,0.524,0
Energy Use,Upstream,Energy use associated with production of fertilizers,Potassium nitrate,0,NA,0,NA,0,NA,NA,14.942064744593663,kg fertilizer,NA,NA,NA,0.138,0,0,0,0.606,0,0,0,0,0.384,0.01
Energy Use,Upstream,Energy use associated with production of fertilizers,Sulfur,0,NA,0,NA,0,NA,NA,6.643309191514442,kg fertilizer,NA,NA,NA,0,0,0,1,0,0,0,0,0,0,0
Energy Use,Upstream,Energy use associated with production of fertilizers,Urea,0,NA,0,NA,0,NA,NA,28.221792822814493,kg fertilizer,NA,NA,NA,0.46,0,0,0,0,0,1,0,0,0,0.15
Energy Use,Upstream,Energy use associated with production of fertilizers,Urea (green ammonia),0,NA,0,NA,0,NA,NA,39.74038251983655,kg fertilizer,NA,NA,NA,0.46,0,0,0,0,0,1,0,0,0,0.15
Energy Use,Upstream,Energy use associated with production of fertilizers,Urea ammonium nitrate,0,NA,0,NA,0,NA,NA,53.58118520094377,kg fertilizer,NA,NA,NA,0.32,0,0,0,0.25,0.25,0.5,0,0,0,0.1
Energy Use,Upstream,Energy use associated with production of fertilizers,Urea ammonium nitrate (green ammonia),0,NA,0,NA,0,NA,NA,67.81837689,kg fertilizer,NA,NA,NA,0.32,0,0,0,0.25,0.25,0.5,0,0,0,0.1
Energy Use,Upstream,Energy use associated with production of fertilizers,US average nitrogen fertilizer,0,NA,0,NA,0,NA,NA,55.42274890886421,kg N,NA,NA,NA,1,0,0,0,0.2675,0.2675,0.465,0,0,0,0.1
Energy Use,Upstream,Energy use associated with production of fertilizers,US average phosphate fertilizer,0,NA,0,NA,0,NA,NA,48.18213879706236,kg P2O5,NA,NA,NA,0,0.436,1,0,0,0,0,0,0,0,0
Energy Use,Upstream,Energy use associated with production of fertilizers,Micronutrient (boron),0,NA,0,NA,0,NA,NA,12.154977436826812,kg fertilizer,NA,NA,NA,0,0,0,0,0,0,0,0,0,0,0
Energy Use,Upstream,Energy use associated with production of fertilizers,Micronutrient (zinc),0,NA,0,NA,0,NA,NA,32.32202664377549,kg fertilizer,NA,NA,NA,0,0,0,0,0,0,0,0,0,0,0
Energy Use,Upstream,Energy use associated with production of fertilizers,Micronutrient (manganese),0,NA,0,NA,0,NA,NA,28.844831091189988,kg fertilizer,NA,NA,NA,0,0,0,0,0,0,0,0,0,0,0
GHG Emissions,Upstream,GHG emissions associated with production of fertilizers,Ammonia (aqueous),0.5411281202238931,NA,0.001558579,NA,9.51864365831688e-6,NA,NA,0,kg fertilizer,NA,NA,NA,0.2,0,0,0,0,0,0,1,0,0,0.08
GHG Emissions,Upstream,GHG emissions associated with production of fertilizers,Ammonia (aqueous) (green ammonia),0.029034137,NA,6.104585976120752e-5,NA,5.794170029654986e-7,NA,NA,0,kg fertilizer,NA,NA,NA,0.2,0,0,0,0,0,0,1,0,0,0.08
GHG Emissions,Upstream,GHG emissions associated with production of fertilizers,Ammonia (conventional),2.1645113138864787,NA,0.006234315,NA,3.807456686326051e-5,NA,NA,0,kg fertilizer,NA,NA,NA,0.82,0,0,0,0,0,0,1,0,0,0.08
GHG Emissions,Upstream,GHG emissions associated with production of fertilizers,Ammonia (green),0.049630556,NA,1.043507587891332e-4,NA,9.90454119107518e-7,NA,NA,0,kg fertilizer,NA,NA,NA,0.82,0,0,0,0,0,0,1,0,0,0.08
GHG Emissions,Upstream,GHG emissions associated with production of fertilizers,Ammonium nitrate,0.2366172051924985,NA,0.006118978,NA,0.003764038,NA,NA,0,kg fertilizer,NA,NA,NA,0.35,0,0,0,0.487,0.513,0,0,0,0,0.05
GHG Emissions,Upstream,GHG emissions associated with production of fertilizers,Ammonium nitrate (green ammonia),0.20197046560104864,NA,0.004832905,NA,0.003756498,NA,NA,0,kg fertilizer,NA,NA,NA,0.35,0,0,0,0.78,0.225,0,0.2125,0,0,0.05
GHG Emissions,Upstream,GHG emissions associated with production of fertilizers,Ammonium sulfate,0.1380654008073904,NA,0.001698018,NA,1.085565848069158e-5,NA,NA,0,kg fertilizer,NA,NA,NA,0.21,0,0,0.24,0,0.273,0,0,0,0,0.08
GHG Emissions,Upstream,GHG emissions associated with production of fertilizers,Ammonium sulfate (green ammonia),0.096137034,NA,1.4051418723346246e-4,NA,1.8548950487433064e-6,NA,NA,0,kg fertilizer,NA,NA,NA,0.21,0,0,0.24,0,0,0,0,0,0,0.08
GHG Emissions,Upstream,GHG emissions associated with production of fertilizers,Calcium ammonium nitrate,0.4531899149862288,NA,0.002278658,NA,5.43835870746849e-5,NA,NA,0,kg fertilizer,NA,NA,NA,0.27,0,0,0,0.135,0,0,0.135,0.086,0,0.05
GHG Emissions,Upstream,GHG emissions associated with production of fertilizers,Calcium ammonium nitrate (green ammonia),0.13891646332659988,NA,0.001367739,NA,4.887284985153358e-5,NA,NA,0,kg fertilizer,NA,NA,NA,0.27,0,0,0,0.135,0,0,0.135,0.086,0,0.05
GHG Emissions,Upstream,GHG emissions associated with production of fertilizers,Diammonium phosphate,0.8351135192013591,NA,0.00291291,NA,2.6185837936333395e-5,NA,NA,0,kg fertilizer,NA,NA,NA,0.18,0.2,0.46,0,0,0.273,0,0,0,0,0.08
GHG Emissions,Upstream,GHG emissions associated with production of fertilizers,Diammonium phosphate (green ammonia),0.799132961,NA,0.001576425,NA,1.845351621922037e-5,NA,NA,0,kg fertilizer,NA,NA,NA,0.18,0.2,0.46,0,0,0.273,0,0,0,0,0.08
GHG Emissions,Upstream,GHG emissions associated with production of fertilizers,Gypsum,0.029785879,NA,4.622474100631902e-5,NA,1.7401048770427004e-7,NA,NA,0,kg fertilizer,NA,NA,NA,0,0,0,0.17,0,0,0,0,0.22,0,0
GHG Emissions,Upstream,GHG emissions associated with production of fertilizers,K2O,0.4530918030889149,NA,9.157035584404116e-4,NA,6.800458087597853e-6,NA,NA,0,kg K2O,NA,NA,NA,0,0,0,0,0,0,0,0,0,0.83,0
GHG Emissions,Upstream,GHG emissions associated with production of fertilizers,Lime (calcitic),0.008860783,NA,1.1358530859024486e-5,NA,2.1890154427020737e-8,NA,NA,0,kg fertilizer,NA,NA,NA,0,0,0,0,0,0,0,0,0.4,0,0
GHG Emissions,Upstream,GHG emissions associated with production of fertilizers,Lime (dolomitic),0.008860783,NA,1.1358530859024486e-5,NA,2.1890154427020737e-8,NA,NA,0,kg fertilizer,NA,NA,NA,0,0,0,0,0,0,0,0,0.4,0,0
GHG Emissions,Upstream,GHG emissions associated with production of fertilizers,Monoammonium phosphate,0.8941158098729092,NA,0.002620678,NA,2.568180946983447e-5,NA,NA,0,kg fertilizer,NA,NA,NA,0.12,0.27,0.61,0,0,0.12,0,0,0,0,0.08
GHG Emissions,Upstream,GHG emissions associated with production of fertilizers,Monoammonium phosphate (green ammonia),0.8722216730231008,NA,0.001805984,NA,2.1134297417361787e-5,NA,NA,0,kg fertilizer,NA,NA,NA,0.12,0.27,0.61,0,0,0.12,0,0,0,0,0.08
GHG Emissions,Upstream,GHG emissions associated with production of fertilizers,Potash (MOP),0.27185508185334895,NA,5.494221350642468e-4,NA,4.080274852558712e-6,NA,NA,0,kg fertilizer,NA,NA,NA,0,0,0,0,0,0,0,0,0,0.524,0
GHG Emissions,Upstream,GHG emissions associated with production of fertilizers,Potassium nitrate,0.4202005165964705,NA,0.001469217,NA,0.010635043,NA,NA,0,kg fertilizer,NA,NA,NA,0.138,0,0,0,0.606,0,0,0,0,0.384,0.01
GHG Emissions,Upstream,GHG emissions associated with production of fertilizers,Sulfur,0.333018288,NA,0.001004367,NA,7.059084099379393e-6,NA,NA,0,kg fertilizer,NA,NA,NA,0,0,0,1,0,0,0,0,0,0,0
GHG Emissions,Upstream,GHG emissions associated with production of fertilizers,Urea,-0.208597733,NA,0.004628225,NA,2.9284496521163868e-5,NA,NA,0,kg fertilizer,NA,NA,NA,0.46,0,0,0,0,0,1,0,0,0,0.15
GHG Emissions,Upstream,GHG emissions associated with production of fertilizers,Urea (green ammonia),-0.300826378,NA,0.001209285,NA,8.715516911188294e-6,NA,NA,0,kg fertilizer,NA,NA,NA,0.46,0,0,0,0,0,1,0,0,0,0.15
GHG Emissions,Upstream,GHG emissions associated with production of fertilizers,Urea ammonium nitrate,0.6810129918860218,NA,0.013898456,NA,0.005425029,NA,NA,0,kg fertilizer,NA,NA,NA,0.32,0,0,0,0.25,0.25,0.5,0,0,0,0.1
GHG Emissions,Upstream,GHG emissions associated with production of fertilizers,Urea ammonium nitrate (green ammonia),0.5309389314077894,NA,0.008319615,NA,0.005393257,NA,NA,0,kg fertilizer,NA,NA,NA,0.32,0,0,0,0.25,0.25,0.5,0,0,0,0.1
GHG Emissions,Upstream,GHG emissions associated with production of fertilizers,US average nitrogen fertilizer,0.763063668,NA,0.011184626,NA,0.002636895,NA,NA,0,kg N,NA,NA,NA,1,0,0,0,0.2675,0.2675,0.465,0,0,0,0.1
GHG Emissions,Upstream,GHG emissions associated with production of fertilizers,US average phosphate fertilizer,1.8041795794951825,NA,0.005749796,NA,5.400403436281054e-5,NA,NA,0,kg P2O5,NA,NA,NA,0,0.436,1,0,0,0,0,0,0,0,0
GHG Emissions,Upstream,GHG emissions associated with production of fertilizers,Micronutrient (boron),0.4709100645774173,NA,9.837041011509626e-4,NA,0.000114765,NA,NA,0,kg fertilizer,NA,NA,NA,0,0,0,0,0,0,0,0,0,0,0
GHG Emissions,Upstream,GHG emissions associated with production of fertilizers,Micronutrient (zinc),1.591602694418346,NA,0.004118352,NA,2.05027349405099e-4,NA,NA,0,kg fertilizer,NA,NA,NA,0,0,0,0,0,0,0,0,0,0,0
GHG Emissions,Upstream,GHG emissions associated with production of fertilizers,Micronutrient (manganese),1.780112506227324,NA,0.00293118,NA,2.3780958894526892e-4,NA,NA,0,kg fertilizer,NA,NA,NA,0,0,0,0,0,0,0,0,0,0,0
Energy Use,Upstream,Energy use associated with production of pesticides,Fumigants,0,NA,0,NA,0,NA,NA,61.825088194547064,kg product,NA,NA,NA,NA,NA,NA,NA,NA,NA,NA,NA,NA,NA,NA
Energy Use,Upstream,Energy use associated with production of pesticides,Fungicides,0,NA,0,NA,0,NA,NA,344.7357388316151,kg active ingredient,NA,NA,NA,NA,NA,NA,NA,NA,NA,NA,NA,NA,NA,NA
Energy Use,Upstream,Energy use associated with production of pesticides,Growth Regulators,0,NA,0,NA,0,NA,NA,420.6987399770905,kg active ingredient,NA,NA,NA,NA,NA,NA,NA,NA,NA,NA,NA,NA,NA,NA
Energy Use,Upstream,Energy use associated with production of pesticides,Herbicides,0,NA,0,NA,0,NA,NA,431.6790378006873,kg active ingredient,NA,NA,NA,NA,NA,NA,NA,NA,NA,NA,NA,NA,NA,NA
Energy Use,Upstream,Energy use associated with production of pesticides,Insecticides,0,NA,0,NA,0,NA,NA,405.78144329896907,kg active ingredient,NA,NA,NA,NA,NA,NA,NA,NA,NA,NA,NA,NA,NA,NA
Energy Use,Upstream,Energy use associated with production of pesticides,Seed Treatment,0,NA,0,NA,0,NA,NA,435.2987399770905,kg active ingredient,NA,NA,NA,NA,NA,NA,NA,NA,NA,NA,NA,NA,NA,NA
Energy Use,Upstream,Energy use associated with production of pesticides,Inoculant,0,NA,0,NA,0,NA,NA,11.43,kg product,NA,NA,NA,NA,NA,NA,NA,NA,NA,NA,NA,NA,NA,NA
Energy Use,Upstream,Energy use associated with production of pesticides,Herbicides (sulfuric acid),0,NA,0,NA,0,NA,NA,2.7893585522915845,kg active ingredient,NA,NA,NA,NA,NA,NA,NA,NA,NA,NA,NA,NA,NA,NA
GHG Emissions,Upstream,GHG emissions associated with production of pesticides,Fumigants,1.1447496279750018,NA,0.010757885,NA,3.267254240472419e-4,NA,NA,0,kg active ingredient,NA,NA,NA,NA,NA,NA,NA,NA,NA,NA,NA,NA,NA,NA
GHG Emissions,Upstream,GHG emissions associated with production of pesticides,Fungicides,14.991647473016812,NA,0.029324185,NA,2.7929326499235565e-4,NA,NA,0,kg active ingredient,NA,NA,NA,NA,NA,NA,NA,NA,NA,NA,NA,NA,NA,NA
GHG Emissions,Upstream,GHG emissions associated with production of pesticides,Growth Regulators,62.710793334514264,NA,0.06042182,NA,0.004178274,NA,NA,0,kg active ingredient,NA,NA,NA,NA,NA,NA,NA,NA,NA,NA,NA,NA,NA,NA
GHG Emissions,Upstream,GHG emissions associated with production of pesticides,Herbicides,19.573369848799445,NA,0.037349752,NA,3.573225378224196e-4,NA,NA,0,kg active ingredient,NA,NA,NA,NA,NA,NA,NA,NA,NA,NA,NA,NA,NA,NA
GHG Emissions,Upstream,GHG emissions associated with production of pesticides,Insecticides,18.225797900326064,NA,0.034802187,NA,3.3507293014243807e-4,NA,NA,0,kg active ingredient,NA,NA,NA,NA,NA,NA,NA,NA,NA,NA,NA,NA,NA,NA
GHG Emissions,Upstream,GHG emissions associated with production of pesticides,Seed Treatment,22.26749035275929,NA,0.02229401,NA,0.002135984,NA,NA,0,kg active ingredient,NA,NA,NA,NA,NA,NA,NA,NA,NA,NA,NA,NA,NA,NA
GHG Emissions,Upstream,GHG emissions associated with production of pesticides,Inoculant,0.3523,NA,0,NA,0,NA,NA,0,kg product,NA,NA,NA,NA,NA,NA,NA,NA,NA,NA,NA,NA,NA,NA
GHG Emissions,Upstream,GHG emissions associated with production of pesticides,Herbicides (sulfuric acid),0.02569712,NA,5.135762595858484e-5,NA,4.538577103120114e-7,NA,NA,0,kg active ingredient,NA,NA,NA,NA,NA,NA,NA,NA,NA,NA,NA,NA,NA,NA
Energy Use,Upstream,Energy use associated with production of seed,Seed | Alfalfa,0,NA,0,0,0,NA,NA,49.88445,kg seed,NA,NA,NA,NA,NA,NA,NA,NA,NA,NA,NA,NA,NA,NA
Energy Use,Upstream,Energy use associated with production of seed,Seed | Barley,0,NA,0,0,0,NA,NA,13.371274,kg seed,NA,NA,NA,NA,NA,NA,NA,NA,NA,NA,NA,NA,NA,NA
Energy Use,Upstream,Energy use associated with production of seed,Seed | Chickpeas (garbanzos),0,NA,0,0,0,NA,NA,9.022854,kg seed,NA,NA,NA,NA,NA,NA,NA,NA,NA,NA,NA,NA,NA,NA
Energy Use,Upstream,Energy use associated with production of seed,Seed | Corn (grain),0,NA,0,0,0,NA,NA,5.195336,kg seed,NA,NA,NA,NA,NA,NA,NA,NA,NA,NA,NA,NA,NA,NA
Energy Use,Upstream,Energy use associated with production of seed,Seed | Corn (silage),0,NA,0,0,0,NA,NA,5.195336,kg seed,NA,NA,NA,NA,NA,NA,NA,NA,NA,NA,NA,NA,NA,NA
Energy Use,Upstream,Energy use associated with production of seed,Seed | Cotton,0,NA,0,0,0,NA,NA,37.59291,kg seed,NA,NA,NA,NA,NA,NA,NA,NA,NA,NA,NA,NA,NA,NA
Energy Use,Upstream,Energy use associated with production of seed,Seed | Dry Beans,0,NA,0,0,0,NA,NA,22.634046,kg seed,NA,NA,NA,NA,NA,NA,NA,NA,NA,NA,NA,NA,NA,NA
Energy Use,Upstream,Energy use associated with production of seed,Seed | Dry Peas,0,NA,0,0,0,NA,NA,14.567974,kg seed,NA,NA,NA,NA,NA,NA,NA,NA,NA,NA,NA,NA,NA,NA
Energy Use,Upstream,Energy use associated with production of seed,Seed | Fava Beans,0,NA,0,0,0,NA,NA,4.578399,kg seed,NA,NA,NA,NA,NA,NA,NA,NA,NA,NA,NA,NA,NA,NA
Energy Use,Upstream,Energy use associated with production of seed,Seed | Lentils,0,NA,0,0,0,NA,NA,8.275012,kg seed,NA,NA,NA,NA,NA,NA,NA,NA,NA,NA,NA,NA,NA,NA
Energy Use,Upstream,Energy use associated with production of seed,Seed | Lupin,0,NA,0,0,0,NA,NA,33.321349,kg seed,NA,NA,NA,NA,NA,NA,NA,NA,NA,NA,NA,NA,NA,NA
Energy Use,Upstream,Energy use associated with production of seed,Seed | Peanuts,0,NA,0,0,0,NA,NA,8.372763,kg seed,NA,NA,NA,NA,NA,NA,NA,NA,NA,NA,NA,NA,NA,NA
Energy Use,Upstream,Energy use associated with production of seed,Seed | Potatoes,0,NA,0,0,0,NA,NA,1.618348,kg seed,NA,NA,NA,NA,NA,NA,NA,NA,NA,NA,NA,NA,NA,NA
Energy Use,Upstream,Energy use associated with production of seed,Seed | Rice,0,NA,0,0,0,NA,NA,6.39416,kg seed,NA,NA,NA,NA,NA,NA,NA,NA,NA,NA,NA,NA,NA,NA
Energy Use,Upstream,Energy use associated with production of seed,Seed | Sorghum,0,NA,0,0,0,NA,NA,25.554316,kg seed,NA,NA,NA,NA,NA,NA,NA,NA,NA,NA,NA,NA,NA,NA
Energy Use,Upstream,Energy use associated with production of seed,Seed | Soybeans,0,NA,0,0,0,NA,NA,8.958917,kg seed,NA,NA,NA,NA,NA,NA,NA,NA,NA,NA,NA,NA,NA,NA
Energy Use,Upstream,Energy use associated with production of seed,Seed | Sugar beets,0,NA,0,0,0,NA,NA,32.61247,kg seed,NA,NA,NA,NA,NA,NA,NA,NA,NA,NA,NA,NA,NA,NA
Energy Use,Upstream,Energy use associated with production of seed,Seed | Wheat (durum),0,NA,0,0,0,NA,NA,20.177154,kg seed,NA,NA,NA,NA,NA,NA,NA,NA,NA,NA,NA,NA,NA,NA
Energy Use,Upstream,Energy use associated with production of seed,Seed | Wheat (spring),0,NA,0,0,0,NA,NA,20.177154,kg seed,NA,NA,NA,NA,NA,NA,NA,NA,NA,NA,NA,NA,NA,NA
Energy Use,Upstream,Energy use associated with production of seed,Seed | Wheat (winter),0,NA,0,0,0,NA,NA,20.177154,kg seed,NA,NA,NA,NA,NA,NA,NA,NA,NA,NA,NA,NA,NA,NA
Energy Use,Upstream,Energy use associated with production of seed,Seed | Brassicas (interseeded),0,NA,0,0,0,NA,NA,5.98,kg seed,NA,NA,NA,NA,NA,NA,NA,NA,NA,NA,NA,NA,NA,NA
Energy Use,Upstream,Energy use associated with production of seed,Seed | Brassicas,0,NA,0,0,0,NA,NA,5.98,kg seed,NA,NA,NA,NA,NA,NA,NA,NA,NA,NA,NA,NA,NA,NA
Energy Use,Upstream,Energy use associated with production of seed,Seed | Clovers (interseeded),0,NA,0,0,0,NA,NA,8.87,kg seed,NA,NA,NA,NA,NA,NA,NA,NA,NA,NA,NA,NA,NA,NA
Energy Use,Upstream,Energy use associated with production of seed,Seed | Clovers,0,NA,0,0,0,NA,NA,8.87,kg seed,NA,NA,NA,NA,NA,NA,NA,NA,NA,NA,NA,NA,NA,NA
Energy Use,Upstream,Energy use associated with production of seed,Seed | Legumes,0,NA,0,0,0,NA,NA,8.87,kg seed,NA,NA,NA,NA,NA,NA,NA,NA,NA,NA,NA,NA,NA,NA
Energy Use,Upstream,Energy use associated with production of seed,Seed | Spring cover crop mix (cool season),0,NA,0,0,0,NA,NA,8.99,kg seed,NA,NA,NA,NA,NA,NA,NA,NA,NA,NA,NA,NA,NA,NA
Energy Use,Upstream,Energy use associated with production of seed,Seed | Winter cover crop mix (cool season),0,NA,0,0,0,NA,NA,8.99,kg seed,NA,NA,NA,NA,NA,NA,NA,NA,NA,NA,NA,NA,NA,NA
Energy Use,Upstream,Energy use associated with production of seed,Seed | Cover crop mix (warm season),0,NA,0,0,0,NA,NA,8.99,kg seed,NA,NA,NA,NA,NA,NA,NA,NA,NA,NA,NA,NA,NA,NA
Energy Use,Upstream,Energy use associated with production of seed,Seed | Cover crop grass spring mix (cool season),0,NA,0,0,0,NA,NA,20.177154,kg seed,NA,NA,NA,NA,NA,NA,NA,NA,NA,NA,NA,NA,NA,NA
Energy Use,Upstream,Energy use associated with production of seed,Seed | Cover crop grass winter mix (cool season),0,NA,0,0,0,NA,NA,20.177154,kg seed,NA,NA,NA,NA,NA,NA,NA,NA,NA,NA,NA,NA,NA,NA
GHG Emissions,Upstream,GHG emissions associated with production of seed,Seed | Alfalfa,1.120923,NA,9.169416e-4,0,5.078312e-4,NA,NA,0,kg seed,NA,NA,NA,NA,NA,NA,NA,NA,NA,NA,NA,NA,NA,NA
GHG Emissions,Upstream,GHG emissions associated with production of seed,Seed | Barley,0.302364641,NA,2.10350386056234e-4,0,7.84732457528156e-4,NA,NA,0,kg seed,NA,NA,NA,NA,NA,NA,NA,NA,NA,NA,NA,NA,NA,NA
GHG Emissions,Upstream,GHG emissions associated with production of seed,Seed | Chickpeas (garbanzos),0.269342639,NA,1.45278661331814e-4,0,4.18367949578956e-4,NA,NA,0,kg seed,NA,NA,NA,NA,NA,NA,NA,NA,NA,NA,NA,NA,NA,NA
GHG Emissions,Upstream,GHG emissions associated with production of seed,Seed | Corn (grain),0.155488544,NA,8.70009027226795e-5,0,6.97381590276067e-4,NA,NA,0,kg seed,NA,NA,NA,NA,NA,NA,NA,NA,NA,NA,NA,NA,NA,NA
GHG Emissions,Upstream,GHG emissions associated with production of seed,Seed | Corn (silage),0.155488544,NA,8.70009027226795e-5,0,6.97381590276067e-4,NA,NA,0,kg seed,NA,NA,NA,NA,NA,NA,NA,NA,NA,NA,NA,NA,NA,NA
GHG Emissions,Upstream,GHG emissions associated with production of seed,Seed | Cotton,0.7781711,NA,8.796388e-4,0,1.907056e-4,NA,NA,0,kg seed,NA,NA,NA,NA,NA,NA,NA,NA,NA,NA,NA,NA,NA,NA
GHG Emissions,Upstream,GHG emissions associated with production of seed,Seed | Dry Beans,0.555916096,NA,3.78124698384279e-4,0,3.39711778059957e-4,NA,NA,0,kg seed,NA,NA,NA,NA,NA,NA,NA,NA,NA,NA,NA,NA,NA,NA
GHG Emissions,Upstream,GHG emissions associated with production of seed,Seed | Dry Peas,0.348332192,NA,2.49987524443219e-4,0,1.25311232191254e-4,NA,NA,0,kg seed,NA,NA,NA,NA,NA,NA,NA,NA,NA,NA,NA,NA,NA,NA
GHG Emissions,Upstream,GHG emissions associated with production of seed,Seed | Fava Beans,0.116980748,NA,7.93815305692913e-5,0,1.04804772876533e-4,NA,NA,0,kg seed,NA,NA,NA,NA,NA,NA,NA,NA,NA,NA,NA,NA,NA,NA
GHG Emissions,Upstream,GHG emissions associated with production of seed,Seed | Lentils,0.284534987,NA,1.26097944366828e-4,0,1.4164935150481e-4,NA,NA,0,kg seed,NA,NA,NA,NA,NA,NA,NA,NA,NA,NA,NA,NA,NA,NA
GHG Emissions,Upstream,GHG emissions associated with production of seed,Seed | Lupin,0.830215182,NA,5.92424377999543e-4,0,1.6428410221645e-4,NA,NA,0,kg seed,NA,NA,NA,NA,NA,NA,NA,NA,NA,NA,NA,NA,NA,NA
GHG Emissions,Upstream,GHG emissions associated with production of seed,Seed | Peanuts,0.220336349,NA,1.89170387877717e-4,0,2.69082422969763e-4,NA,NA,0,kg seed,NA,NA,NA,NA,NA,NA,NA,NA,NA,NA,NA,NA,NA,NA
GHG Emissions,Upstream,GHG emissions associated with production of seed,Seed | Potatoes,0.034840234,NA,1.94641359861492e-5,0,8.26224045082723e-6,NA,NA,0,kg seed,NA,NA,NA,NA,NA,NA,NA,NA,NA,NA,NA,NA,NA,NA
GHG Emissions,Upstream,GHG emissions associated with production of seed,Seed | Rice,0.149063516,NA,1.19411204672601e-4,0.059320778,3.49628593262347e-4,NA,NA,0,kg seed,NA,NA,NA,NA,NA,NA,NA,NA,NA,NA,NA,NA,NA,NA
GHG Emissions,Upstream,GHG emissions associated with production of seed,Seed | Sorghum,0.586798879,NA,4.65626382671099e-4,0,2.72101713100183e-4,NA,NA,0,kg seed,NA,NA,NA,NA,NA,NA,NA,NA,NA,NA,NA,NA,NA,NA
GHG Emissions,Upstream,GHG emissions associated with production of seed,Seed | Soybeans,0.286477139,NA,1.80468394611936e-4,0,1.45434368068636e-4,NA,NA,0,kg seed,NA,NA,NA,NA,NA,NA,NA,NA,NA,NA,NA,NA,NA,NA
GHG Emissions,Upstream,GHG emissions associated with production of seed,Seed | Sugar beets,0.8737845,NA,5.381565e-4,0,3.757819e-5,NA,NA,0,kg seed,NA,NA,NA,NA,NA,NA,NA,NA,NA,NA,NA,NA,NA,NA
GHG Emissions,Upstream,GHG emissions associated with production of seed,Seed | Wheat (durum),0.49463159,NA,3.3818558275895e-4,0,4.09433890806509e-4,NA,NA,0,kg seed,NA,NA,NA,NA,NA,NA,NA,NA,NA,NA,NA,NA,NA,NA
GHG Emissions,Upstream,GHG emissions associated with production of seed,Seed | Wheat (spring),0.49463159,NA,3.3818558275895e-4,0,4.09433890806509e-4,NA,NA,0,kg seed,NA,NA,NA,NA,NA,NA,NA,NA,NA,NA,NA,NA,NA,NA
GHG Emissions,Upstream,GHG emissions associated with production of seed,Seed | Wheat (winter),0.49463159,NA,3.3818558275895e-4,0,4.09433890806509e-4,NA,NA,0,kg seed,NA,NA,NA,NA,NA,NA,NA,NA,NA,NA,NA,NA,NA,NA
GHG Emissions,Upstream,GHG emissions associated with production of seed,Seed | Brassicas (interseeded),0.158,NA,1.03e-4,0,1.13e-4,NA,NA,0,kg seed,NA,NA,NA,NA,NA,NA,NA,NA,NA,NA,NA,NA,NA,NA
GHG Emissions,Upstream,GHG emissions associated with production of seed,Seed | Brassicas,0.158,NA,1.03e-4,0,1.13e-4,NA,NA,0,kg seed,NA,NA,NA,NA,NA,NA,NA,NA,NA,NA,NA,NA,NA,NA
GHG Emissions,Upstream,GHG emissions associated with production of seed,Seed | Clovers (interseeded),0.224,NA,1.59e-4,0,1.23e-4,NA,NA,0,kg seed,NA,NA,NA,NA,NA,NA,NA,NA,NA,NA,NA,NA,NA,NA
GHG Emissions,Upstream,GHG emissions associated with production of seed,Seed | Clovers,0.224,NA,1.59e-4,0,1.23e-4,NA,NA,0,kg seed,NA,NA,NA,NA,NA,NA,NA,NA,NA,NA,NA,NA,NA,NA
GHG Emissions,Upstream,GHG emissions associated with production of seed,Seed | Legumes,0.224,NA,1.59e-4,0,1.23e-4,NA,NA,0,kg seed,NA,NA,NA,NA,NA,NA,NA,NA,NA,NA,NA,NA,NA,NA
GHG Emissions,Upstream,GHG emissions associated with production of seed,Seed | Spring cover crop mix (cool season),0.226,NA,1.6e-4,0,1.31e-4,NA,NA,0,kg seed,NA,NA,NA,NA,NA,NA,NA,NA,NA,NA,NA,NA,NA,NA
GHG Emissions,Upstream,GHG emissions associated with production of seed,Seed | Winter cover crop mix (cool season),0.226,NA,1.6e-4,0,1.31e-4,NA,NA,0,kg seed,NA,NA,NA,NA,NA,NA,NA,NA,NA,NA,NA,NA,NA,NA
GHG Emissions,Upstream,GHG emissions associated with production of seed,Seed | Cover crop mix (warm season),0.226,NA,1.6e-4,0,1.31e-4,NA,NA,0,kg seed,NA,NA,NA,NA,NA,NA,NA,NA,NA,NA,NA,NA,NA,NA
GHG Emissions,Upstream,GHG emissions associated with production of seed,Seed | Cover crop grass spring mix (cool season),0.49463159,NA,3.3818558275895e-4,0,4.09433890806509e-4,NA,NA,0,kg seed,NA,NA,NA,NA,NA,NA,NA,NA,NA,NA,NA,NA,NA,NA
GHG Emissions,Upstream,GHG emissions associated with production of seed,Seed | Cover crop grass winter mix (cool season),0.49463159,NA,3.3818558275895e-4,0,4.09433890806509e-4,NA,NA,0,kg seed,NA,NA,NA,NA,NA,NA,NA,NA,NA,NA,NA,NA,NA,NA
GHG Emissions,On-Farm Non-Mechanical Sources and Sinks,CH4 flux from non-flooded soils,NA,NA,NA,NA,NA,NA,NA,NA,NA,NA,NA,NA,NA,NA,NA,NA,NA,NA,NA,NA,NA,NA,NA,NA
GHG Emissions,On-Farm Non-Mechanical Sources and Sinks,CO2 from carbonate lime applications to soils,NA,NA,NA,NA,NA,NA,NA,NA,NA,NA,NA,NA,NA,NA,NA,NA,NA,NA,NA,NA,NA,NA,NA,NA
GHG Emissions,On-Farm Non-Mechanical Sources and Sinks,CO2 from urea fertilizer applications,NA,NA,NA,NA,NA,NA,NA,NA,NA,NA,NA,NA,NA,NA,NA,NA,NA,NA,NA,NA,NA,NA,NA,NA
GHG Emissions,On-Farm Non-Mechanical Sources and Sinks,Non-CO2 emissions from biomass burning,NA,NA,NA,NA,NA,NA,NA,NA,NA,NA,NA,NA,NA,NA,NA,NA,NA,NA,NA,NA,NA,NA,NA,NA
GHG Emissions,On-Farm Non-Mechanical Sources and Sinks,Direct land use change emissions,NA,NA,NA,NA,NA,NA,NA,NA,NA,NA,NA,NA,NA,NA,NA,NA,NA,NA,NA,NA,NA,NA,NA,NA
GHG Emissions,On-Farm Non-Mechanical Sources and Sinks,Soil N2O,Direct emissions,NA,NA,NA,NA,NA,NA,NA,NA,NA,NA,NA,NA,NA,NA,NA,NA,NA,NA,NA,NA,NA,NA,NA
GHG Emissions,On-Farm Non-Mechanical Sources and Sinks,Soil N2O,Indirect emissions,NA,NA,NA,NA,NA,NA,NA,NA,NA,NA,NA,NA,NA,NA,NA,NA,NA,NA,NA,NA,NA,NA,NA
GHG Emissions,On-Farm Non-Mechanical Sources and Sinks,CH4 emissions from flooded rice cultivation,NA,NA,NA,NA,NA,NA,NA,NA,NA,NA,NA,NA,NA,NA,NA,NA,NA,NA,NA,NA,NA,NA,NA,NA
GHG Emissions,On-Farm Non-Mechanical Sources and Sinks,Soil carbon stock changes,NA,NA,NA,NA,NA,NA,NA,NA,NA,NA,NA,NA,NA,NA,NA,NA,NA,NA,NA,NA,NA,NA,NA,NA
